{
    "materials":[{
        "visible":true,
        "mapDiffuseAnisotropy":1,
        "doubleSided":false,
        "transparent":false,
        "colorEmissive":[0,0,0],
        "DbgName":"banner",
        "wireframe":false,
        "depthWrite":true,
        "opacity":1,
        "mapDiffuseRepeat":[1,1],
        "colorDiffuse":[0.171229,0,0.0118828],
        "depthTest":true,
        "DbgColor":15658734,
        "shading":"lambert",
        "mapDiffuseWrap":["repeat","repeat"],
        "mapDiffuse":null,
        "blending":"NormalBlending",
        "DbgIndex":0
    },{
        "visible":true,
        "doubleSided":false,
        "transparent":false,
        "colorEmissive":[0,0,0],
        "DbgName":"yellow",
        "wireframe":false,
        "depthWrite":true,
        "opacity":1,
        "colorDiffuse":[0.64,0.390861,0],
        "depthTest":true,
        "DbgColor":15597568,
        "shading":"lambert",
        "blending":"NormalBlending",
        "DbgIndex":1
    },{
        "visible":true,
        "colorSpecular":[1,1,1],
        "doubleSided":false,
        "specularCoef":50,
        "transparent":false,
        "colorEmissive":[0,0,0],
        "DbgName":"gold",
        "wireframe":false,
        "depthWrite":true,
        "opacity":1,
        "colorDiffuse":[0.157427,0.11189,0],
        "depthTest":true,
        "DbgColor":60928,
        "shading":"phong",
        "blending":"NormalBlending",
        "DbgIndex":2
    }],
    "faces":[43,8,1,2,9,0,0,1,2,3,0,0,0,0,43,10,11,6,5,0,0,1,2,3,1,1,1,1,43,17,10,5,13,0,0,1,2,3,2,2,2,2,43,13,5,6,14,0,0,1,2,3,3,3,3,3,43,16,11,7,15,0,0,1,2,3,4,4,4,4,43,12,0,3,15,0,0,1,2,3,5,5,5,5,43,14,6,11,16,0,0,1,2,3,6,6,6,6,43,12,4,10,17,1,0,1,2,3,7,7,7,7,43,4,7,11,10,0,0,1,2,3,1,1,1,1,43,0,8,9,3,0,0,1,2,3,8,8,8,8,43,0,12,17,8,0,0,1,2,3,9,9,9,9,43,2,14,16,9,0,0,1,2,3,10,10,10,10,43,4,12,15,7,0,0,1,2,3,11,11,11,11,43,9,16,15,3,0,0,1,2,3,12,12,12,12,43,1,13,14,2,0,0,1,2,3,13,13,13,13,43,8,17,13,1,1,0,1,2,3,14,14,14,14,43,18,19,21,20,2,0,0,0,0,15,15,15,15,43,25,24,32,33,2,0,0,0,0,16,16,16,16,43,24,25,23,22,2,0,0,0,0,17,17,17,17,43,26,27,39,38,2,0,0,0,0,18,18,18,18,43,20,24,22,18,2,0,0,0,0,19,19,19,19,43,25,21,19,23,2,0,0,0,0,20,20,20,20,43,29,28,27,26,2,0,0,0,0,21,21,21,21,43,18,22,29,26,2,0,0,0,0,22,22,22,22,43,23,19,27,28,2,0,0,0,0,23,23,23,23,43,22,23,28,29,2,0,0,0,0,24,24,24,24,43,31,30,33,32,2,0,0,0,0,25,25,25,25,43,24,20,31,32,2,0,0,0,0,26,26,26,26,43,21,25,33,30,2,0,0,0,0,27,27,27,27,43,19,18,34,35,2,0,0,0,0,28,28,28,28,43,35,34,38,39,2,0,0,0,0,29,29,29,29,43,37,36,40,41,2,0,0,0,0,15,15,15,15,43,27,19,35,39,2,0,0,0,0,30,30,30,30,43,31,20,37,41,2,0,0,0,0,31,31,31,31,43,30,31,41,40,2,0,0,0,0,28,28,28,28,43,21,30,40,36,2,0,0,0,0,32,32,32,32,43,18,26,38,34,2,0,0,0,0,33,33,33,33,43,20,21,36,37,2,0,0,0,0,21,21,21,21],
    "metadata":{
        "materials":3,
        "faces":38,
        "type":"Geometry",
        "vertices":42,
        "normals":34,
        "version":3,
        "uvs":1,
        "generator":"io_three"
    },
    "uvs":[[0,0,1,0,1,1,0,1]],
    "vertices":[0.0909849,1.88033,-1,0.0909849,1.88033,1,-0.0909849,1.88033,1,-0.0909848,1.88033,-1,0.0909849,14.7689,-1,0.0909848,14.7689,1,-0.0909849,14.7689,0.999999,-0.0909849,14.7689,-1,0.0909849,-0.138705,6.56676e-08,-0.0909849,-0.138705,-2.9196e-07,0.0909849,14.7689,-1.09128e-07,-0.0909849,14.7689,-8.24384e-07,0.0909849,8.32456,-1,0.0909848,8.32456,1,-0.0909849,8.32456,0.999999,-0.0909849,8.32456,-1,-0.0909849,7.31504,-5.58169e-07,0.0909849,7.31504,-2.17293e-08,0.12345,14.622,-1.12398,0.12345,14.863,-1.12398,0.12345,14.622,1.14914,0.12345,14.863,1.14914,-0.162713,14.622,-1.12398,-0.162713,14.863,-1.12398,-0.162713,14.622,1.14914,-0.162713,14.863,1.14914,0.12345,14.5621,-1.27317,0.12345,14.9229,-1.27317,-0.162713,14.9229,-1.27317,-0.162713,14.5621,-1.27317,0.12345,14.9614,1.32581,0.12345,14.5236,1.32581,-0.162713,14.5236,1.32581,-0.162713,14.9614,1.32581,0.162413,14.622,-1.12398,0.162413,14.863,-1.12398,0.162413,14.863,1.14914,0.162413,14.622,1.14914,0.162413,14.5621,-1.27317,0.162413,14.9229,-1.27317,0.162413,14.9614,1.32581,0.162413,14.5236,1.32581],
    "normals":[-1.45378e-06,-0.443831,0.896111,0,1,0,1,2.14433e-09,4.36211e-08,-4.09441e-06,2.31228e-08,1,-1,-2.14433e-09,-1.59835e-08,2.29287e-06,-9.2493e-09,-1,-1,-2.14433e-09,-2.12694e-08,1,-1.07216e-09,2.18105e-08,2.03529e-06,-0.443831,-0.896111,1,-1.07218e-09,5.82699e-09,-1,-1.60827e-09,-2.36417e-08,2.62042e-06,0,-1,-1,-2.68046e-09,-2.26854e-08,-2.12909e-06,3.23726e-08,1,1,2.14436e-09,1.1654e-08,1,0,0,-1,0,-0,-1,0,0,-0,0,-1,0,-1,0,0,1,-0,-0,0,-1,0,-0.927997,0.372587,0,0.927997,0.372587,-1,0,-1.99754e-07,-0,0,1,0,-0.873638,-0.486577,0,0.873638,-0.486577,0,0,1,1,0,-9.98769e-08,0,0.927997,0.372587,0,-0.873638,-0.486577,0,0.873638,-0.486577,0,-0.927997,0.372587]
}